paper_id,title,year,doi,authors,journal,keywords,language,abstract,filename,size_mb
2015001183987523585,早稻嘉育293及其高产衍生系品种株型的生态生理和产量潜力比较,2005,NULL,郑有川,NULL,"[""嘉育293"",""衍生系品种"",""株型"",""产量潜力"",""生理生态""]",zh,"早稻占我国粮食年总产量的1/4,是我国粮食产业的重要组成部分。早稻生产是关系到我国粮食安全的重要课题。当前,早稻主要用于国家储备粮、饲料用粮以及工业用粮等,提高单产是我国早稻生产的主要发展方向。水稻的植株形态-株型是产量骨架,一直以来水稻株型始终是水稻研究的热点和难点。水稻产量的形成实质是干物质生产、分配和运转的过程,和株型结构密切相关。由于早稻生育期相对较短,干物质生产积累和转运效率尤为重要,而从株型角度来研究早稻干物质生产、分配和运转,目前还未见报道。本研究以嘉兴农科院选育的嘉育293及其5个高产衍生系品种(嘉育948、中早22、嘉育253、中嘉早32和中嘉早17)为材料,设置大田试验,研究不同超高产早稻的生长发育过程中株型变化和产量形成过程的干物质积累与分配,探讨水稻株型与产量形成的关系探讨,为实现早稻高产栽培和稻田生态系统的可持续发展提供借鉴。主要研究结果如下：



	1.超高产早稻的株型特征和生长发育优势：水稻株型是物质生产和产量形成的载体。本试验结果表明,参试6个嘉育293及其高产衍生系品种的株高均为90cm左右,表现为迟育成的品种株高和丛高较前期育成的品种稍高。冠层幅宽和分蘖角度是影响株型结构最为显著的指标。始蘖期至拔节期,中早22、中嘉早32和中嘉早17相对于其他品种生长较快,尤其以中嘉早32最为显著,在孕穗期至成熟期,该3个品种生物量增长趋于平稳,表明中早22、中嘉早32和中嘉早17在营养生长阶段生物量增长速度快,生长旺盛,后期营养生长趋于平缓。



	2.超高产早稻的株型及产量对移栽密度的响应：研究表明,6个参试水稻品种茎蘖数和产量及产量构成对密度响应表现差异显著。中早22和中嘉早17平均单株茎蘖数随着移栽密度从20.0×16.7cm至16.7×10.Ocm的增加而增加,中嘉早32的茎蘖数和移栽密度关系不明显。在2.4万丛／亩条件下,嘉育293、嘉育948、中早22和中嘉早32宽行窄距条件下有效茎蘖数较等行等距多,嘉育253和中嘉早17则相反。参试水稻品种稀植条件下平均单株产量及其构成优于密植条件,而据考种数据计算亩产量则随着密度增加而增加。



	3.超高产早稻的株型及产量对氮磷钾营养的响应：本试验6个嘉育293及其高产衍生系品种株高、茎蘖数和产量均随着施氮量的增加而增加,在施氮量10公斤/亩条件下,也有较好的生长优势和产量优势,中早22、中嘉早32和中嘉早17在施氮为18kg/亩条件下,生长没有受到高氮抑制,表现出较高的耐肥特性。本文试验在相同施氮量条件下,参试水稻品种在适当增施磷钾肥条件下,植株生长发育和产量均显著提高。中早22、中嘉早32和中嘉早17等高产潜力品种增施氮肥和提高磷钾肥配比生长前期植株松散,增加光合面积,生长速度较快,促进了根系对营养吸收的速度,特别氮营养的吸收,有利于其干物质的积累和籽粒产量的提高。



	4.超高产早稻株型差异与光合碳代谢：试验水稻分蘖期和灌浆结实期植株可溶性糖和淀粉差异显著。在分蘖期,中早22叶片和叶鞘中可溶性糖含量较其他品种显著增高,叶鞘中的淀粉含量则相反。灌浆期参试早稻品种叶片和叶鞘中可溶性糖和淀粉含量比分蘖期显著降低。在灌浆期,嘉育253和中嘉早32叶片中可溶性糖含量较低,中嘉早17叶片可溶性糖含量较高；中嘉早32叶片淀粉含量较高,嘉育253较低。试验数据显示,灌浆期中早22、嘉育948、中嘉早17和嘉育293茎秆的淀粉显著高于中嘉早32和嘉育253,而灌浆期糖类物质向茎秆转移将有助于充实茎秆组织结构,提高抗倒伏能力。综合分析表明,中早22和中嘉早17生育前期光合产物转运能力较强(组织器官中可溶性糖含量较高),贮藏性较弱(组织器官中淀粉含量较低),中嘉早32相对全生育期光合碳水化合物的贮藏性较强。",2015001183987523585_2005_早稻嘉育293及其高产衍生系品种株型的生态生理和产量潜力比较.pdf,6.13
2015002852578123777,不同穗型水稻产量、品质及相关性状的研究,2024,10.27327/d.cnki.gshnu.2024.000656,史伟杰,NULL,"[""水稻"",""穗型"",""产量"",""品质""]",zh,"提高产量一直是水稻种植的首要目标。随着人们生活品质的提高,对稻米的品质有了更高的期待。因此,在确保产量的同时,进一步提升稻米的品质,成为了当前水稻种植面临的重要任务。通过采用适合的优质高产协调的品种及配套的栽培措施,能够实现水稻产质协同提升的目标。本试验以辽粳9号等48个水稻品种为供试材料,采用单因素随机区组设计,根据穗茎角将参试品种划分为弯曲穗型、半直立穗型、直立穗型三类,研究了不同穗型水稻品种的形态、生理、产量及品质性状,并对这些性状间的相互关系进行了分析,主要研究结果如下:
1.弯曲穗型、半直立穗型和直立穗型水稻产量最高的品种分别为关东51、辽粳1415和沈稻505,其中弯曲穗型水稻产量最低,均值为7.53t/hm<sup>2</sup>。弯曲穗型、半直立穗型和直立穗型水稻品种的结实率、有效穗数都与产量呈正相关,说明增加结实率和有效穗数对产量有促进作用。弯曲穗型水稻品种的产量主要受到每穗粒数的影响,而有效穗数和结实率对产量也有影响但没有每穗粒数显著。弯曲穗型水稻品种可以通过增加每穗粒数,并适当增加有效穗数,提高结实率来提高产量。半直立穗型水稻品种的产量与有效穗数、每穗粒数和结实率呈显著正相关,每穗粒数与有效穗数之间呈极显著负相关。因此,半直立穗型水稻品种高产需要穗粒协调。对于直立穗型水稻品种,其产量与千粒重之间呈极显著正相关关系,有效穗数和结实率对产量也有积极影响,但并不显著。
2.利用每公顷有效穗数、每穗粒数、结实率、千粒重、产量5个产量性状,对48份材料进行聚类分析,在欧式距离为20处可将材料聚为3类,第一类特点是每公顷有效穗数较多、但每穗粒数较低,产量较低。第二类特点是千粒重较低、但有效穗数、每穗粒数、结实率较高,产量中等。第三类特点是每穗粒数、结实率、千粒重较高、每公顷有效穗数中等,产量较高。
3.直立穗型水稻的茎蘖成穗率显著低于弯曲穗型和半直立穗型水稻,其中直立穗型水稻的茎蘖成穗率为86.77%,弯曲穗型水稻的茎蘖成穗率为87.66%;叶面积指数在拔节期、齐穗期弯穗型品种&gt;半直立穗型品种&gt;直立穗型品种,成熟期半直立穗型品种&gt;弯穗型品种&gt;直立穗型品种;干物质积累拔节期弯曲穗型品种&gt;半直立穗型品种&gt;直立穗型品种,弯曲穗型品种为5.06t/hm<sup>2</sup>,直立穗型品种为4.97t/hm<sup>2</sup>;齐穗期、成熟期直立穗型品种&gt;半直立穗型品种&gt;弯曲穗型品种。半直立穗型水稻的收获指数高于直立穗型和弯曲穗型且差异显著。
4.直立穗型水稻叶片的氮积累量显著低于弯曲穗型和半直立穗型,其中半直立穗型水稻叶片氮积累量达到20.86kg/hm<sup>2</sup>,直立穗型为17.31kg/hm<sup>2</sup>。直立穗型水稻穗的氮积累量显著高于弯曲穗型和半直立穗型,其中直立穗型水稻穗的氮积累量达到104.81kg/hm<sup>2</sup>,弯曲穗型为63.87kg/hm<sup>2</sup>。弯曲穗型水稻的氮素产谷利用率显著低于半直立穗型和直立穗型,其中直立穗型的氮素产谷利用率最大,为58.41%,弯曲穗型最小。弯曲穗型水稻的氮肥偏生产力显著低于半直立穗型和直立穗型,其中半直立穗型水稻氮肥偏生产力最高,弯曲穗型水稻最低。直立穗型品种氮收获指数显著高于半直立穗型品种,直立穗型品种为64.86%,半直立穗型品种为63.05%。
5.弯曲穗型水稻品种的加工品质、垩白粒率与食味值呈正相关。半直立穗型水稻品种的食味值与垩白度呈极显著正相关,与糙米率、精米率、整精米率呈负相关。直立穗型水稻品种的食味值与糙米率、精米率、整精米率呈正相关与垩白度和垩白粒率呈负相关。三种穗型水稻品种的食味值与加工品质以及外观品质之间存在密切联系。更好的外观品质和加工品质通常伴随着更高的食味值。",2015002852578123777_2024_不同穗型水稻产量、品质及相关性状的研究.pdf,1.33
2015004553771048961,河南省粳稻品种生态适应性研究,2010,NULL,孙建军,NULL,"[""粳稻"",""生态区"",""全生育期"",""产量性状"",""适应性""]",zh,"本研究以郑稻18、郑稻19、新稻18、中种优2005、原稻108、豫粳6号（CK）为材料,2007-2008年在河南省内的郑州、原阳、新乡、焦作、洛阳、南阳、信阳、潢川等8个地点进行试验,采用随机区组排列,3次重复。各点的土壤类型、土壤肥力、育秧方式、播种量、移栽期等条件均有不同,均按当地最佳栽培模式管理。对粳稻品种的经济性状与产量性状进行分析研究,获得如下结果:



	1、不同生态区对粳稻品种全生育期的影响。全生育期在年份间、地点间、地点×年份、品种×年份、地点×品种×年份互作差异均显著。地点间全生育期长短顺序为:焦作&gt;郑州&gt;原阳&gt;洛阳&gt;新乡&gt;南阳&gt;信阳&gt;潢川,极差22d;品种间全生育期长短顺序为:品种5&gt;品种1、品种4&gt;品种2&gt;CK&gt;品种3,极差8d。根据水稻生育期类型划分标准,从各点粳稻品种的综合全生育期表现来看,在潢川和信阳点的综合全生育期属迟熟中稻（145-155d）,在南阳、洛阳、原阳和新乡点的综合全生育期属早熟晚稻（155-165d）类型,在郑州、焦作点的综合全生育期属中熟晚稻（165-175d）类型;从各粳稻品种在各点的综合全生育期来看,品种3属迟熟中稻,其他5个品种包括CK在内属早熟晚稻类型。早熟晚稻高于迟熟中稻的产量。



	2、不同生态区对粳稻品种株高的影响。株高在年份间、地点间、品种×年份、地点×品种×年份互作均达到显著或极显著水平。地点间株高高低顺序为:焦作&gt;南阳&gt;郑州&gt;新乡&gt;洛阳&gt;信阳&gt;潢川&gt;原阳,极差16.1cm;品种间株高高低顺序为:品种5&gt;品种4&gt;品种1&gt;CK&gt;品种3&gt;品种2,极差39.2cm。



	3、不同生态区对粳稻品种产量及产量构成性状的影响。穗长顺序为:品种4&gt;品种3&gt;品种2&gt;CK、品种1&gt;品种5,极差7.8cm;亩有效穗数顺序为:CK&gt;品种3&gt;品种1、5&gt;品种2&gt;品种4,极差3.3万穗/亩;成穗率顺序为:品种4&gt;品种3&gt;品种2&gt;CK、品种1&gt;品种5,极差7.8cm;单穗总粒数顺序为:品种4&gt;品种1&gt;品种2&gt;品种5&gt;品种CK,极差42.3cm;结实率顺序为:品种5&gt;品种1&gt;CK&gt;品种3&gt;品种2&gt;品种4,极差9.0cm;千粒重顺序为:品种5&gt;品种2&gt;品种1&gt;品种3&gt;CK&gt;品种4,极差2.7g;产量顺序为:品种1&gt;品种5&gt;品种2&gt;品种4&gt;CK&gt;品种3,极差832.2kg/hm<sup>2</sup>。



	经相关分析,仅豫北沿黄稻区的新乡点的穗长（r=-0.90**）、有效穗数（r=0.80*）与产量呈显著相关,郑州点的全生育期（r=0.84*）、成穗率（r=0.79*）呈显著正相关,其他各点粳稻各性状与产量均无显著相关。



	4、综合评价:对6个粳稻品种综合分析可知,粳稻品种在豫北沿黄稻区的平均产量显著高于豫南稻区。其中,品种1（新稻18）在河南省内8个点均较CK增产,丰产性、稳产性、适应性均表现最好;其次是品种5,6点增产2点减产。品种1、5与CK间差异达极显著水平。品种5（郑稻18）的碾磨品质较好。



	综合本试验结果,6个粳稻品种在8个地点综合评价中,新稻18产量及产量构成性状均优于豫粳6号（CK）及其他品种,表现出高产、稳产、适应广等特点,其次是郑稻18;豫北沿黄稻区更适宜粳稻生长。",2015004553771048961_2010_河南省粳稻品种生态适应性研究.pdf,0.8
2015005236851204098,旱直播粳稻品种评价及行距对水稻产量和生长的影响,2017,NULL,董立强,NULL,"[""粳稻"",""直播"",""产量"",""行距"",""倒伏"",""品种""]",zh,"以13个东北地区粳稻品种为供试材料,对直播条件下不同品种产量形成、光合特性及物质积累进行了比较,为选择适宜于沈阳地区旱直播品种提供理论依据。以通禾833(弯穗型)、铁粳7号(直立穗型)、沈稻506(半直立穗型)3种粳稻品种为供试材料,研究了直播条件下5个行距(15.0cm、17.5cm、20.0cm、22.5cm、25.0cm)水平下产量、光合特性及倒伏性状的影响,为确定适宜行距提供理论参考。结果表明:1.不同直播粳稻品种产量、光合特性及物质积累的比较13个品种在2015年、2016年产量趋势基本一致,总体上后者高于前者,2015年产量顺序为:吉农大878&gt;沈稻171&gt;沈稻403&gt;沈稻422&gt;沈稻632&gt;沈稻305&gt;铁粳7号&gt;沈稻529&gt;吉大6号&gt;平安13&gt;元丰6号&gt;沈稻631&gt;沈稻159,最高比最低产量高出22.1%;2016年产量顺序为:吉农大878&gt;沈稻171&gt;沈稻422&gt;沈稻403&gt;沈稻632&gt;沈稻305&gt;铁粳7号&gt;沈稻529&gt;沈稻159&gt;吉大6号&gt;平安13&gt;元丰6号&gt;沈稻631,最高比最低产量高出24.9%,产量最高的品种对应的每穗颖花数、每穗成粒数也相应较高。本研究的13个品种,吉农大878、沈稻171、沈稻422、沈稻403总体表现较好,沈稻171较高的拔节期茎蘖数、其他3个品种均具有较高的成穗率,使之4个品种均有相对较高的有效穗数;此外4个品种还具有较高的叶绿素含量、净光合速率、叶面积指数等良好个体的生理特性;在植株生育后期,抽穗-成熟4个品种表现较高干物质阶段积累量、净同化速率、光合势。综上所述,较高的有效穗数,良好的光合物质生产、分配能力,多个因素协调发展是直播稻获得高产的关键。2.行距对不同穗型品种产量及其构成因素的影响通禾833、铁粳7号、沈稻506的产量随着行距增加均表现为先增大后减小的趋势,3个品种最高产量分别出现在22.5cm、17.5cm、20.0cm行距,分别为10262.1kg/hm2、11037.2kg/hm2、10189.8kg/hm2,且显著高与同一品种其他行距水平。通禾833在15.0cm行距、铁粳7号在25.0cm行距、沈稻506在25.0cm产量最低,9514.9kg/hm2、9597.6kg/hm2、9528.7kg/hm2,同时表现为单位面积有效穗数少、结实率差。3个品种产量最高的处理,其有效穗数、结实率也最高,且显著地高于其他处理水平,每穗颖花数、每穗成粒数及千粒质量变化不大。播种量相同情况下,不同穗型品种应选择不同行距,协调行内,行间的竞争,个体长势优良,保障有效穗数、结实率,构建合理群体结构,从而达到高产的目标。3.行距对不同穗型品种光合特性的影响不同穗型品种在不同行距下群体结构不同,直立穗型品种铁粳7号适合较小行距(17.5cm),弯穗型品种通禾833适合较大的行距(22.5cm),半直立穗型品种沈稻506适合中间行距(20.0cm)。3个品种内苗期茎蘖数各行距差异均不显著,成熟期行距间有效穗数差异显著;通禾833在稍大行距、铁粳7号在稍小行距、沈稻506在中间行距有较好的阶段物质积累,这与3个品种产量趋势一致;不同行距配置下3个品种的净光合速率均先增加后减小,且剑叶、倒二叶趋势一致,最高值分别出现在通禾833的22.5cm行距、铁粳7号的17.5cm行距、沈稻506的20.0cm行距。4.行距对不同穗型品种倒伏性状的影响本研究的3个品种倒伏系数而言:弯穗型&gt;半直立穗型&gt;直立穗型、蜡熟期&gt;乳熟期。在2个时期3个品种抗折力、基部节间弯曲力矩均表现为N1&gt;N2&gt;N3;倒伏系数表现为N3&gt;N2&gt;N1。通禾833的2个时期各节间抗折力最高均出现在22.5cm行距,基部节间弯曲力矩亦如此,倒伏系数最大在15.0cm行距,且表现为行距增加倒伏系数减小的趋势;铁粳7号2个时期各节间抗折力、基部节间弯曲力矩最高值在17.5cm行距,行距最大倒伏系数最高,且部分达到显著水平;沈稻506在2个时期各节间的节间抗折力、基部节间弯曲力矩最高在20.0cm行距,乳熟期倒伏系数最大值出现在15.0cm行距,蜡熟期出现在25.0cm行距。弯穗型适当增加行距,直立穗型适当降低行距,保证穗重的基础上降低植株高度、重量,以降低重心、提高抗折力,减小倒伏发生几率。",2015005236851204098_2017_旱直播粳稻品种评价及行距对水稻产量和生长的影响.pdf,4.32
2015006462049345538,寒地水稻水直播品种筛选及与常规种植方式下的产质量比较,2020,10.27122/d.cnki.ghlnu.2020.000309,王鹤璎,NULL,"[""水稻"",""水直播"",""筛选"",""产量"",""品质"",""经济效益""]",zh,"水稻直播是一种用工少、效益高的轻简化栽培方式。黑龙江省是我国主要的水稻种植区之一,在黑龙江省发展直播水稻具有广阔的应用前景。然而,目前应用于直播的水稻品种有限,利用现有的水稻品种筛选出适于直播的品种,将有助于直播稻栽培的推广。为此本研究以29份水稻品种为试验材料,拟筛选出适宜在黑龙江省第一积温带下限及第二积温带上限进行水直播的寒地水稻品种,且以筛选出的适宜水直播品种为试验材料,与常规插秧为对照,比较两种种植方式对水稻产量、品质和经济效益的影响,以期为水直播在寒地的应用和推广提供理论和技术支持。主要研究结果如下:1.水直播下29个供试品种,两年间穗长、单穗重、一次枝梗数、二次枝梗数、穗数、穗粒数、生物产量、经济系数、理论产量、整精米率、垩白粒率、垩白度和直链淀粉含量的水直播适应性反应指数变异系数较大,对水直播反应较敏感;结实率、千粒重、精米率、糙米率、精米粒长、精米粒宽、精米长宽比和蛋白质含量的变异系数较小,对水直播反应较迟钝。两年间同时满足水直播适应性系数、水直播适应性指数和综合适应能力上表现为中度适应或高度适应,理论产量大于7 t/hm<sup>2</sup>,米饭食味评分大于74分的水稻品种有龙粳20号和龙粳58。2.与常规插秧相比,水直播下龙粳20号和龙粳58的在穗部性状较常规插秧相比大多呈下降趋势;两年间,龙粳20号在水直播下理论产量较常规插秧降低了7.85%;龙粳58在水直播下理论产量平均较常规插秧降低了6.96%。精米粒长、精米粒宽小于常规插秧;垩白度、垩白粒率大多都高于常规插秧;糙米率、蛋白质含量和米饭食味评分呈下降趋势;精米率、整精米率和直链淀粉含量年际间变化幅度大。3.水直播的投入产出比是常规插秧的3倍,而成本仅是常规插秧的76.4%,水直播较常规插秧成本降低了30.0%,成本降低4260元·hm<sup>-2</sup>、纯效益增加了3936.0元·hm<sup>-2</sup>。综上所述,筛选出龙粳20号和龙粳58适合水直播下种植,能够有效的降低水稻生产成本并且提高经济效益。",2015006462049345538_2020_寒地水稻水直播品种筛选及与常规种植方式下的产质量比较.pdf,4.37
2015008812331786242,辽粳系列水稻品种推广技术经济分析,2010,NULL,王铮,NULL,"[""水稻"",""品种"",""推广技术""]",zh,"为了充分发挥水稻新品种的增产潜力和地区资源优势,以辽粳294、辽粳9号和辽星1号为代表品种,并以沈稻系列品种为对照,分析了新品种的产量、品质、生育特性和推广的组织措施、栽培技术、经济效益等,结果表明：

	辽粳294、辽粳9号和辽星1号都比对照品种增产显著,各项品质指标都达到国家优质粳稻谷标准,是集理想株型、优质、高产、多抗为一体的水稻新品种,在同期审定的品种中表现突出,这是能够成为主栽品种的关键。采取的稀播种育壮秧、适时插秧合理稀植、科学施肥均衡营养、加强水分管理、综合防治病虫草害等技术措施,发挥了新品种的增产潜力和优质特性。在新品种的基础上,通过实施推广项目,建立高产示范田,召开现场观摩会,举办技术培训班以借助电视台和广播电台办专题讲座等形式,加强品种的宣传和技术普及,有效地推动了辽粳294、辽粳9号、辽星1号的推广应用。1998年以来,辽粳294、辽粳9号、辽星1号先后成为辽宁种植面积最大的水稻主栽品种。经10余年的实践证明,所采取的栽培技术和推广措施是有效的。

	在分析的基础上,制定了新的推广模式,内容包括技术的应用范围、技术内容和质量指标,实施的服务网络、管理平台和管理机制。其技术要点为：选择适宜的环境,建立生产基地,进行亲环境栽培。实行大棚或宽床开闭式的营养土保温旱育苗,应用了床土调制剂。根据秧龄确定播种量,提高秧苗质量。根据品种的分蘖力和株型确定移栽密度,建立合理群体结构,提高成穗率和成粒率。根据土壤条件和品种需肥特点施肥,合理使用肥料,提高肥料利用率。合理耕作,达到田面平整。采用清水节水灌溉,适当晚撤水,盐碱注意排碱洗盐。贯彻“以防为主,综合防治”的方针,防治水稻病、虫、草害防治。实施稻田养蟹、养鱼、养鸭、养蜗牛等,田埂种豆,既增加经济效益,又减少病、虫、草害。水稻成熟后及时收获,分品种单独脱谷,分品种收购、贮藏。改进加工设备,改进加工技术,进行精加工、深加工,提高产品档次。制定严格的质量管理体系,确保产品质量,并实施名牌战略。",2015008812331786242_2010_辽粳系列水稻品种推广技术经济分析.pdf,3.57
2015012069963816961,浙江省水稻区试品种性状差异及其相关性分析,2010,NULL,刘鑫,NULL,"[""水稻"",""区试"",""产量"",""农艺性状"",""品质"",""对照"",""方差"",""相关性""]",zh,"以2004-2008年浙江省6大区试组中连续2年参加试验的品种为依据,分析了各区试组中产量、主要农艺性状和稻米品质的性状差异及相互间的相关性,同时对各区试组的对照进行性状稳定性分析,结果表明:在参试品种的多样性和稳定性中,早稻区试组的产量、农艺性状和品质指标品种间差异均显著,且产量在年份间差异显著;单季杂交籼稻区试组的产量、主要农艺性状(结实率除外)和品质指标在品种间差异均显著,但年份间均不显著;连作杂交籼稻组和连作常规粳稻组的产量在品种和年份间均不显著,农艺性状和品质指标差异性较复杂,但年份间基本稳定;单季常规粳稻组和单季杂交粳稻组的产量在品种年份间差异均极显著,主要农艺性状和品质指标差异性较复杂,但年份间基本稳定。产量与构成因素间的关系中,除单季杂交粳稻区试组中产量与结实率呈负相关外,水稻的4个主要农艺性状因子与产量都呈正相关;早稻区试组产量与单位面积有效穗、每穗总粒数和千粒重均极显著相关;单季杂交籼稻区试组对产量贡献最大的是千粒重,次之则为每穗总粒数;而连作杂交籼稻区试组影响产量最大的是单位面积有效穗,次之为结实率;单季常规粳稻区试组产量与单位面积有效穗、每穗总粒数和结实率显著相关;连作常规粳稻区试组产量与每穗总粒数显著相关;单季杂交粳稻区试组产量与4个因子均无显著相关。稻米外观品质和理化指标间相关性中,早稻区试组和单季杂交籼稻区试组中直链淀粉含量均与长宽比极显著负相关、与垩白粒率和垩白度极显著正相关、与透明度呈显著正相关;连作杂交籼稻区试组中胶稠度与粒长和长宽比极显著正相关、与垩白粒率、垩白度和透明度极显著负相关;单季常规粳稻区试组中直链淀粉含量与长宽比、垩白粒率和垩白度均极显著正相关;连作常规粳稻区试组中直链淀粉含量与长宽比、垩白粒率和垩白度均显著正相关;单季杂交粳稻区试组胶稠度与粒长和长宽比显著正相关、与垩白度显著负相关。对照稳定性的分析中,6个组别对照的产量在不同年份和地点间差异均显著;相对稳定的性状为粒长和长宽比,在7个对照中,粒长在年份和地点中差异均不显著,长宽比除嘉育293在不同年份间差异极显著外,其余也均不显著。",2015012069963816961_2010_浙江省水稻区试品种性状差异及其相关性分析.pdf,17.73
2015012593362624514,江苏省迟熟中粳品种的性状演变及全基因组关联分析,2015,NULL,邢运高,NULL,"[""水稻"",""迟熟中粳"",""产量性状"",""农艺性状"",""品质性状"",""全基因组关联分析""]",zh,"迟熟中粳是江苏省水稻生产的主要品种类型。研究迟熟中粳品种的选育情况,对江苏省粮食生产具有重要的意义。2012-2013年在扬州对近30年来江苏省审定的44个迟熟中粳品种进行鉴定,根据区域试验产量变化的趋势情况,对其分4个阶段进行比较分析,了解江苏迟熟中粳品种的性状演变状况,同时对迟熟中粳品种及其亲本共105份种质资源进行重要性状的全基因组关联分析,为品种选育和改良提供参考依据。具体结果如下:(1)近30年江苏省迟熟中粳稻品种单产连上3个台阶,由上世纪80年代初的平均520 kg/667m2,提高到上世纪末、本世纪初的570kg/667m2,2005年以后单产徘徊在550 kg/667m2左右。趋势与区域试验结果一致,但产量提升没有区试结果明显。(2)迟熟中粳品种呈单株穗数逐渐减少,二次枝梗数、每穗总粒数和千粒重逐渐增加的趋势,品种选育逐步由穗数型向穗粒并重型或穗重型方向转变。(3)迟熟中粳品种单产提高与株型改良密切相关。随着品种育成时间的推移,剑叶出叶角度变小,上部3张叶片缩短,穗叶差变小,穗长变短,着粒密度增加,穗弯曲度减小而表现为直立或半直立,植株受光姿态得到改善。基部茎秆粗度增加,植株抗倒伏能力增强。(4)迟熟中粳品种外观品质有所改良,垩白粒率显著降低,垩白度降低不明显,外观品质达到优质米标准的品种不多。胶稠度、直链淀粉含量均达到国家优质稻谷1级标准,但食味品质能与1992年审定的武育粳3号媲美的品种极少。(5)群体结构分析表明44个迟熟中粳品种及其亲本共105份水稻种质可能来源于9个祖先。(6)共开发38,323个SNPs标记,对鉴定的相关性状进行全基因组关联分析。15个产量性状(包括穗部、粒部性状)仅在结实率和主茎总粒数2个性状上共关联到19个SNPs;12个农艺性状仅在株高、剑叶出叶角、剑叶长、倒2叶长、倒3叶长5个性状共关联到50个SNPs;9个品质性状中,糙米率、整精米率、垩白度、胶稠度、糊化温度(碱消值)、蛋白质含量、米饭食味值7个性状共关联到83个SNPs;RVA谱特征值共关联到86个SNPs.",2015012593362624514_2015_江苏省迟熟中粳品种的性状演变及全基因组关联分析.pdf,10.72
2015014539343519745,盐胁迫对粳稻农艺性状的影响及耐盐品种筛选,2020,10.27327/d.cnki.gshnu.2020.000298,栾金华,NULL,"[""水稻"",""盐胁迫"",""杂交粳稻"",""常规粳稻"",""产量"",""米质""]",zh,"我国盐碱地总面积接近5.5亿亩,其中83.6%未被开发利用。为了对盐碱地进行改良,保障粮食增产和耕地面积,筛选和培育耐盐性强的水稻品种具有重要意义。本研究以辽宁省新育成的118份水稻新品系为试验材料,通过苗期和生育期不同浓度的NaCl溶液处理,筛选强耐盐性的水稻品系。同时以2份杂交粳稻和2份常规粳稻为试材,在不同浓度NaCl溶液下进行生育期鉴定,比较盐胁迫对粳稻农艺性状的影响,分析耐盐性上的差异。研究结果表明:1.在苗期耐盐性鉴定试验中,通过对不同浓度盐胁迫处理下秧苗素质的综合分析,发现对苗期水稻耐盐性影响最大的是发芽率和根重,进一步利用主成分分析法评价,筛选出耐盐性最强的5个品系,分别是盐粳352、花粳1520、盐粳172、沈星稻28和花粳1505。2.在生育期耐盐性鉴定试验中,对生物耐盐力进行分析发现,耐盐性强的品系在分蘖、株高和其他生理指标方面要强于敏感品系。通过农业耐盐力分析,耐盐性强的品系仅有千粒重显著降低,但盐敏感的品系全部产量指标均显著至极显著地降低。最终通过相对产量的高低进行排序,筛选出农业耐盐力极强的5个水稻品系,分别是盐粳277、沈星稻79、花粳1505、花粳1520、盐粳352。3.通过盐胁迫对粳稻农艺性状的影响发现,随着盐浓度的升高,分蘖、株高均呈下降趋势。杂交粳稻辽16优06的分蘖数在低浓度下显著高于其他品种,且株高与对照相比也无显著差异。茎鞘部干物质积累量除辽优9906在低浓度(0.3%)下与对照相比无显著变化外,其他品种不同盐浓度下均显著低于对照;所有品种的叶片和穗部干物质积累量在不同盐浓度处理下均显著低于对照。杂交粳稻在生理指标方面也不同程度的高于常规粳稻品种。盐胁迫对粳稻产量和食味品质的影响差别显著。杂交粳稻有效穗数显著降低导致减产,而常规粳稻结实率和千粒重受影响严重。营养品质上两者并无明显区别,但食味方面常规粳稻所受影响更小。因此总体上看,杂交粳稻的耐盐性要强于常规粳稻,胁迫下产量指标受影响较小;但食味方面上,则是常规粳稻具有一定优势,仍能保持较高的品质。以上研究结果可以为盐碱地的开发利用提供品种支持,也为今后南北方开展水稻耐盐新品种的选育提供重要的种质资源和理论依据。",2015014539343519745_2020_盐胁迫对粳稻农艺性状的影响及耐盐品种筛选.pdf,1.52
2015017387238187010,不同品种粳稻镉积累特征及差异稳定性的研究,2020,10.27327/d.cnki.gshnu.2020.000373,马樱馨,NULL,"[""粳稻"",""品种"",""镉"",""差异"",""稳定性""]",zh,"我国土壤中镉的点位超标率高达7%,居于8种无机污染物的首位。农田镉污染导致一些地区稻米镉超标,形成了严重的人群健康风险。污染土壤修复和利用相结合是实现土地集约节约利用的重要出路。寻求原位修复与安全利用镉污染农用地土壤技术,对于防治污染、保障食品安全与人民健康具有重要意义。为此,本文采取文献分析、盆栽试验和分析化验相结合的方式,对61个不同品种粳稻进行镉耐性及镉积累能力差异性评价。在此基础上,选择有代表性的5个品种水稻(屉锦、辽粳326、辽粳294、盐丰47、秋田小町)开展了盆栽试验,针对不同品种水稻的不同生育期、不同镉胁迫水平下水稻响应胁迫能力及其差异稳定性进行研究,以期为科学筛选不同镉积累特性粳稻品种,为确保水稻安全生产,实现镉污染农田修复与利用提供数据支持和理论参考。得到的主要结论如下:(1)综合分析糙米镉含量、茎叶镉积累量、相对产量及产量胁迫指数可将61个水稻品种分为四类:(1)镉安全高产品种:茎叶镉积累量较低,生物量和产量均升高(或小幅降低),糙米镉含量较低;(2)镉安全低产品种:茎叶镉积累量较低,生物量和产量均大幅降低,糙米镉含量较低;(3)镉不安全品种:茎叶镉积累量中等,生物量和产量均降低且糙米镉含量偏高或超标;(4)镉安全修复品种:茎叶镉积累量较高,生物量和产量均升高(或小幅降低),糙米镉含量较低。(2)5个不同品种水稻均是在分蘖期至灌浆期植株对镉的吸收及积累能力最强;分蘖期和灌浆期植株镉含量、镉积累量、富集系数、分布比例、生物量与成熟期的相比存在显著差异,不适宜用来预测水稻成熟期的镉积累特征。(3)在中等浓度及高浓度镉处理下对比不同品种水稻发现:水稻向地上部的镉转运能力,由高到低排序为辽粳326&gt;秋田小町、屉锦、辽粳294&gt;盐丰47;按生物量和产量的耐镉性,由高到低排序为辽粳326&gt;屉锦、辽粳294&gt;秋田小町&gt;盐丰47;按照籽粒的镉含量进行排序:在中低镉浓度镉处理中,由高到低排序为盐丰47&gt;秋田小町&gt;辽粳326&gt;屉锦、辽粳294;在较高镉浓度处理中,由高到低排序为辽粳326&gt;秋田小町&gt;盐丰47&gt;辽粳294&gt;屉锦。因此,盐丰47不能作为镉安全品种水稻进行推广,辽粳326和秋田小町在中等浓度的污染土壤中可作为镉安全品种水稻进行推广,屉锦和辽粳294适于在中等和高等浓度的镉污染土壤进行推广。综合分析,镉安全高产品种和镉安全修复品种可作为镉安全品种进行水稻生产,尤其是镉安全修复品种具有较高的镉污染土壤修复潜力。同时,在灌浆期结合适当田间措施,可以增强在镉污染土壤上的水稻生产的安全性。",2015017387238187010_2020_不同品种粳稻镉积累特征及差异稳定性的研究.pdf,1.45
2015017513293799425,新育成超短生育期品系在双季稻双直播模式下的农艺表现,2022,10.27158/d.cnki.ghznu.2022.000694,潘想成,NULL,"[""双季稻"",""直播稻"",""超短生育期"",""产量"",""生产示范"",""经济效益""]",zh,"双季稻作为我国重要的水稻种植模式,对于增加水稻总产,保障粮食安全至关重要。传统移栽双季稻工序繁琐、劳动强度大和经济效益低,导致农民种植意愿较低。因此,近年来双季稻面积大幅缩减。发展轻简化的双季稻双直播模式对稳定双季稻种植面积意义重大。然而,华中地区作为传统的双季稻区,发展双季稻双直播模式受到温光资源限制,只有生育期为95天左右的超短生育期品种才能满足双季稻双直播的安全生产。本课题组从2014年开始进行超短生育期品种的选育工作,目前已经选育出2个超短生育期品系(CPPC05-207-26-B-B-19（CPPC-15）和CPPC05-235-B-1-6-9（CPPC-18）),但其在双季稻双直播模式下的产量形成机理及重要农艺特性有待进一步研究。此外,在双季稻双直播模式下超短生育期品系在小区试验和生产示范试验表现上的差异尚不清楚。为此,本试验于2021年以2个超短生育期品系和4个对照品种(湘早籼6号（早晚兼用）、早籼615（早晚兼用）、中早39（早稻）和两优152（晚稻）)为供试材料,在湖北省黄冈市蕲春县赤东镇酒铺村进行小区试验,在湖北省黄冈市浠水县禾溢园家庭农场进行生产示范试验。本研究的目的:1)从生育期、产量和抗倒性的角度评价供试品种是否满足华中地区双季稻双直播生产要求;2)探究双季稻双直播下超短生育期品系产量形成的关键农艺性状;3)评价双季稻双直播模式下超短生育期品系的经济效益。本研究主要结论如下:（1）新育成超短生育期品系在不同地点和不同季节间生育期为85-95天,周年生育期（178-183天）比中早39搭配两优152短16-24天,较早籼615短4-10天,但比湘早籼6号长4-7天。两个超短生育期品系的生育期能够满足华中地区双季稻双直播安全生产的要求。（2）小区试验中两个超短生育期品系早季产量平均为7.46 t ha<sup>-1</sup>,较中早39低9.1%,与早籼615相当,较湘早籼6号高13.5%;晚季CPPC-18产量最高,其次为湘早籼6号、早籼615和CPPC-15,两优152产量最低。不同品种周年产量为13.0-14.9 t ha<sup>-1</sup>,CPPC-18较湘早籼6号、早籼615和中早39搭配两优152分别高14.0%、7.9%和6.8%,CPPC-15产量高于湘早籼6号,而低于早籼615和中早39搭配两优152。生产试验中,早、晚季各品种产量均显著低于小区试验,且品种间差异较小,周年产量为10.6-11.5 t ha<sup>-1</sup>,CPPC-18没有表现出产量优势。在生产示范试验中不合理的肥料管理和较低的土壤肥力是导致新育成品系未能表现出产量优势的主要原因。（3）新育成超短生育期品系在生育期较短的情况下获得高产的主要原因为早季苗期分蘖和叶面积快速生长提高了辐射拦截率,进而促进了花前干物质积累;晚季CPPC-18高产归因于单位面积穗数和结实率较高,且灌浆期剑叶衰老速率较慢促进了花后干物质积累。与小区试验相比,生产示范试验早、晚季产量较低主要归因于每穗颖花数、结实率、成熟期生物量和收获指数的降低。（4）早季小区试验和生产示范试验中各品种均未发生明显倒伏。在小区试验中晚季早籼615和两优152倒伏面积超过50%,表观倒伏指数分别达到4.55和5.40;而两个超短生育期品系和湘早籼6号均未发生明显倒伏,表观倒伏指数为0.00-0.20。两个超短生育期品系和湘早籼6号表观倒伏指数低且未发生倒伏的主要原因为较低的株高、重心高度和弯曲力矩以及较高的单位体积节间干重,但相比于CPPC-18,CPPC-15倒伏风险略高。（5）双季稻双直播下超短生育期品系周年生产成本为23815.8元/公顷,其中土地流转、肥料和机械作业的成本较高,分别占总生产成本的28.3%、25.5%和17.6%,而人工成本仅占7.1%。周年产值和净收益分别为29948.0-29831.2和6015.4-6132.2元/公顷。虽然超短生育期品系和湘早籼6号的周年净收益低于早籼615（7000.0元/公顷）和中早39搭配两优152（7444.2元/公顷）,但其较短的生育期增加了换茬灵活性,降低了双季稻双直播的生产风险。综上所述,新选育CPPC-15和CPPC-18的生育期和产量水平基本满足华中地区双季稻双直播的生产要求,但CPPC-18比CPPC-15具有更高的单季和周年产量,以及更强的抗倒伏能力,具有更好的推广前景。但这些优势在生产示范试验中却没有充分表现,今后要进一步开展超短生育期品系的优化栽培管理研究,以确保双季稻双直播大面积生产的高产稳产。",2015017513293799425_2022_新育成超短生育期品系在双季稻双直播模式下的农艺表现.pdf,1.96
2015019278940594177,甬优系列籼粳杂交水稻新组合特征特性与配套技术研究,2012,NULL,陆永法,NULL,"[""甬优系列"",""籼粳杂交水稻"",""新组合"",""特征特性"",""配套技术""]",zh,"本研究利用自主选育的甬优6号等8个杂交水稻组合作为供试材料，根据程氏指数法分析了组合及其亲本的籼粳属性，研究了组合选配方式。根据供试组合在浙江省区试中的产量表现和主要特征特性，分析了这些组合产量优势和主要特征特性的关系，以及在区试中制约产量的原因。根据这些组合在浙江省区试中的产量制约因素和在各地试种示范中的性状表现，提出了从栽培方法上发挥其产量优势的途径。以甬优5006为试验材料，研究分析了其亲本的特征特性，并制订了甬优5006的制种配套技术。主要研究结果如下：

	1.组合选配特点：经程氏指数法分析，本文供试的8个甬优系列杂交水稻组合是以粳稻不育系为母本、籼稻恢复系为父本的三系法籼粳杂交水稻组合，明确粳不/籼恢三系法选配方式是水稻籼粳亚种间杂种优势利用的有效方式和重要途径。

	2.甬优系列籼粳杂交水稻在浙江省区试中的产量表现和特征特性：甬优系列籼粳杂交水稻组合在浙江省区试和生产实践中表现了较强的产量优势和优良的综合性状。供试的甬优6号等组合在区试中比常规粳稻对照品种均有10%以上的产量增幅，甬优15比超级稻对照品种两优培九也有8.6%的产量增幅，表明甬优系列籼粳杂交水稻的强杂种优势不是偶然现象，而是必然表现。

	供试甬优系列籼粳杂交水稻组合的稻瘟病抗性优于对照，白叶枯病抗性比对照略差，甬优12、甬优13和甬优17高抗条纹叶枯病。米质与对照相似。表明籼粳杂交水稻组合的抗病性和米质可以通过选育得以改良。

	甬优系列籼粳杂交水稻组合的产量优势主要表现在大穗。

	供试组合在区试中的结实率较低问题，可以通过相应的栽培措施加以解决。

	3.甬优系列籼粳杂交水稻高产示范表现：甬优系列籼粳杂交水稻在高产示范方和攻关田中表现了超高产潜力，与区试中的表现有差异，表明籼粳杂交水稻因生育期较长等原因难以在区试中充分表现其优良种性而在攻关田中可因种而宜展示其优势，说明对甬优系列籼粳杂交水稻因种栽培的重要性，也为籼粳杂交水稻组合的适应性提出了新的育种要求和方向。

	4.甬优系列籼粳杂交水稻栽培技术特点：甬优系列籼粳杂交水稻组合的推广应用要注意灌浆不饱、结实率和千粒重低的问题，在技术上应抓好种子催芽、稀播壮秧、少本稀植以降低栽插密度，在肥水管理上要把握降氮肥增磷钾肥和保持后期干干湿湿、完熟收割等技术环节，以利大穗优势的发挥。防好稻曲病。

	5.甬优5006亲本特性、制种技术要点及启示：甬优5006的母本甬粳3号A和父本F5006花时相近，说明籼粳亚种间杂交水稻制种中遇到的花时不遇问题可以通过对早花时粳稻不育系和迟花时籼稻恢复系的选育而实现。甬粳3号A的播始历期比F5006长，甬粳3号A要比F5006早播10-15天以促使父母本花期相遇。要注意有利于制种的父母本开花特性如开颖角度大、时间长、开花历期适宜和父本花粉量大等优良性状的选育。",2015019278940594177_2012_甬优系列籼粳杂交水稻新组合特征特性与配套技术研究.pdf,1.13
2015326045834637314,长江下游晚熟类型甬优籼粳杂交稻高产形成形态生理特征及其配套栽培措施,2017,NULL,韦还和,NULL,"[""籼粳杂交稻"",""甬优系列"",""晚熟类型"",""适宜种植区域"",""产量潜力"",""株型特征"",""氮、磷、钾"",""吸收、积累与利用"",""穗部特征"",""籽粒灌浆"",""花后干物质"",""作物生长模型"",""硅肥施用量"",""钾肥施用量""]",zh,"本研究于2013-2015展开大田试验,第一阶段以江苏兴化(里下河稻区)、扬州(沿江稻区)、常熟(太湖稻区)、浙江宁波(宁绍平原稻区)为试验点,以15个晚熟类型甬优籼粳交品种(品系)为参试材料和各试验点当地具有较大推广面积的常规粳稻与杂交籼稻为对照,依据各地水稻安全成熟期和籼粳杂交稻在当地的增产潜力,明确其在长江下游的适种区域。第二阶段在其适种区域(浙江宁波),从产量及其构成因素、株型、籽粒灌浆特征、氮磷钾养分吸收、积累与转运、花后干物质积累等方面阐明其产量优势形成的形态生理特征,并从钾肥与硅肥适宜施用量探究其配套高产栽培措施。本研究为晚熟类型籼粳杂交稻在长江下游地区的合理布局以及揭示其产量优势形成机理提供了理论与实践依据。主要结果如下:(1)晚熟类型甬优籼粳交品种(品系)在兴化点均未安全成熟;扬州点可安全成熟的甬优籼粳交晚熟类型品种(品系)有6个;常熟点除甬优12未安全成熟外,其余均可安全成熟;宁波点则均可安全成熟。将在当地可安全成熟且产量较对照高出8%以上的甬优籼粳交晚熟类型品种(品系)定义为高产品种,扬州点中2013和2014年高产品种均为1个,常熟点2013和2014年分别为8个和9个,宁波点两年均为9个。高产品种的颖花量极显著高于对照品种。此外,高产品种抽穗至成熟期以及全生育期天数均高于对照。综合考虑甬优籼粳交晚熟类型品种在各点的生育安全性以及产量表现,太湖地区(以常熟为代表)和宁绍平原(以宁波为代表)是甬优籼粳交晚熟类型品种在长江下游的适宜种植区域。大库容,较长的灌浆期和全生育期天数是晚熟类型甬优籼粳交高产品种产量形成的重要特征。(2)穗长以杂交籼稻最高、籼粳杂交稻其次、常规粳稻最低。籼粳杂交稻在着粒密度和穗部6个部位的籽粒数均高于常规粳稻和杂交籼稻。甬优籼粳杂交稻上部三张高效叶的叶长和叶宽高于常规粳稻、低于杂交籼稻;籼粳杂交稻上三叶的叶基角和披垂度均低于常规粳稻和杂交籼稻。甬优籼粳杂交稻的株高、穗高和秆长高于常规粳稻、低于杂交籼稻;成熟期单茎茎、鞘干重则显著高于常规粳稻和杂交籼稻。(3)籼粳杂交稻在拔节、抽穗和成熟期的氮素吸收量均显著高于常规粳稻和杂交籼稻,拔节-抽穗期和抽穗-成熟期的植株氮素积累量亦以籼粳杂交稻显著高于常规粳稻和杂交籼稻。播种-拔节期、拔节-抽穗期、抽穗-成熟期植株氮素积累量与实产均呈极显著线性正相关。两年中拔节期植株磷素吸收量均以常规粳稻最高、杂交籼稻其次、籼粳杂交稻最低,抽穗和成熟期植株磷素吸收量以籼粳杂交稻最高,拔节-抽穗期和抽穗-成熟期植株磷素积累量均以籼粳杂交稻最高。播种-拔节期,植株磷素积累量与产量呈极显著线性负相关;拔节-抽穗期、抽穗-成熟期,植株磷素积累量与实产呈显著或极显著线性正相关。两年中,拔节期、抽穗期和成熟期植株钾素吸收量均以籼粳杂交稻最高。氮素籽粒生产效率均以杂交籼稻最高、常规粳稻其次、籼粳杂交稻最低。钾素籽粒生产效率均以籼粳杂交稻显著高于常规粳稻和杂交籼稻。氮素籽粒生产率与实产呈显著线性负相关,钾素籽粒生产率与实产呈极显著线性正相关。花后茎鞘氮素转运与产量呈显著线性正相关,花后叶片氮素和磷素转运与产量呈负相关。与对照相比,籼粳杂交稻氮磷钾元素吸收总量大,氮素籽粒生产效率较低、钾素籽粒生产效率较高。促进花后茎鞘氮素转运有利于提高水稻产量,而促进花后叶片氮素和磷素转运不利于提升水稻产量。(4)甬优538中,上部一次枝梗(UP)与中部一次枝梗(MP)、中部二次枝梗(MS)与上部二次枝梗(US)、下部一次枝梗(LP)与下部二次枝梗(LS)为同步灌浆,但两两之间为异步灌浆。中浙优1号和秀水09中,UP、US和MP为同步灌浆,而UP、US、MP与LP、LS为异步灌浆。与对照相比,甬优538异步灌浆特征更为明显。穗部6个部位米粒终极生长量的平均值以秀水09最高,最大灌浆速率和平均灌浆速率的平均值呈中浙优1号&gt;秀水09&gt;甬优538,有效灌浆时间呈甬优538&gt;秀水09&gt;中浙优1号。尽管甬优538灌浆速率偏低,但依靠较长的有效灌浆时间以及较多的穗粒数,提高了穗部的灌浆充实量以及单穗重,最终产量较高。(5)甬优籼粳杂交稻抽穗至成熟期的干物质积累量为8.9 hm-2,较常规粳稻和杂交籼稻分别高19.1%和25.8%(两年平均值)。不同类型品种花后干物质积累量与花后天数(抽穗当天为0 d)均可用Richards方程拟合(R2≥0.990);各品种花后干物重积累速率均呈先增加后下降的趋势,花后最大干物重积累速率和平均干物重积累速率呈杂交籼稻&gt;常规粳稻&gt;籼粳杂交稻,籼粳杂交稻达最大干物重积累速率的时间在花后43-44 d,常规粳稻和杂交籼稻则在花后27-28 d;籼粳杂交稻在花后渐增期天数和干物质积累量显著高于常规粳稻和杂交籼稻,渐增期干物重积累速率以杂交籼稻最高。常规粳稻在花后快增期和缓增期天数和干物质积累量均显著高于籼粳杂交稻和杂交籼稻,快增期和缓增期干物重积累速率则以杂交籼稻最高。本研究表明甬优籼粳杂交稻花后较强的干物质积累优势主要体现在渐增期,而花后渐增期较强的干物质积累能力主要在于其较长的渐增期持续天数。(6)针对宁波土壤硅元素缺乏现象,旨在探讨籼粳杂交稻在该地区适宜硅肥用量及其对产量形成影响。以甬优籼粳交超级稻甬优12和甬优15为试材,设置了不同硅肥施用量(0、75、150、225、300kghm-2)处理。甬优12和甬优15产量均随硅肥施用量的增加呈先增加后降低的趋势,均以硅肥用量225 kghm-2处理的产量最高。穗数随硅肥施用量增加而递增,结实率和千粒重则随之递减。甬优12和甬优15在拔节、抽穗和成熟期的茎蘖数均随硅肥施用量的增加而增加,茎蘖成穗率则呈先增加后降低的趋势,以225 kg hm-2处理最高。与对照(0 kg hm-2)相比,施硅处理显著提高了拔节、抽穗和成熟期的干物重和叶面积指数,拔节-抽穗期、抽穗-成熟期的干物质积累量和光合势也随硅肥施用量增加而递增。随硅肥施用量的增加,倒1、倒2、倒3叶的叶长和叶宽随之递增,倒1、倒2、倒3叶的叶基角和披垂度随之递减。此外,与对照(0 kg hm-2)相比,施硅处理显著提高了茎、鞘干重及单位节间干重。(7)以秈粳杂交稻甬优12和甬优538为试材,设置不同钾肥用量(0、75、150、225、300 kg hm-2)处理。与对照(0 kg hm-2)相比,两年中施钾处理对甬优12产量增幅为8.5%-14.5%,对甬优538产量增幅达8.4%-15.0%,以钾肥用量225 kg hm-2处理的产量最高。施钾处理显著增加了有效穗数和每穗粒数。随钾肥用量的增加,拔节、抽穗和成熟期的干物重和叶面积指数随之增加,拔节至抽穗期阶段的干物质积累量和光合势、抽穗至成熟期阶段光合势亦随之递增;抽穗至成熟期干物重呈先增后降趋势,以钾肥用量225 kg hm-2处理最高。施钾处理增加了花后各时期的剑叶叶绿素含量、光合速率、根系伤流强度以及拔节、抽穗和成熟期氮素和钾素吸收量。随钾肥用量增加,植株抽穗至成熟期的氮素和钾素积累量呈先增后降趋势,以钾肥用量225kghm-2处理下最高。施钾处理下,钾素偏生产力、钾素籽粒生产率和钾素农艺效率均随钾素用量的增加而降低。与对照(0kg hm-2",2015326045834637314_2017_长江下游晚熟类型甬优籼粳杂交稻高产形成形态生理特征及其配套栽培措施.pdf,11.15
2015326723705466882,辽宁水稻品种产量和品质性状的研究,2010,NULL,张悦,NULL,"[""水稻"",""产量"",""品质"",""食味""]",zh,"为了提高水稻产量,改进稻米品质,以27个水稻或杂交组合为试材,在辽宁采用多年多点试验,研究了水稻的产量、产量构成因素、品质等性状的品种间差异,以及各性状间的关系。结果表明：



	1株型好的常规粳稻品种辽河12号、茂洋3号、盐粳228等产量较高,其产量与杂交稻间的产量几乎无差异。高产水稻品种产量的提高表现在每穴穗数、每穗成粒数、千粒重的共同增加。从具体品种来看,辽河12号产量高主要由于其每穴穗数多、其余产量构成因素也较高；茂洋3号和沈稻18主要是每穗成粒数多,其余产量构成因素也较高；盐粳228、盘锦78-2等和盐粳218的各产量构成因素均在参试品种中处于中高水平,因此,产量也很高。进一步提高水稻品种的单位面积产量,各产量构成因素都应该处于较高水平。在辽宁地区,提高杂交粳稻的成粒率是必要的。



	2在米质性状中,垩白率和垩白度变异系数较大,达到国家优质稻谷标准的品种虽然占参试品种的88.9%,但其中优质一级达标率仅3.7%；直链淀粉含量和胶稠度虽然达到国家优质稻谷标准的品种较多,但其中优质一级达标率也是59.3%；加工品质达到国家优质稻谷标准的情况较好。这一结果说明,辽宁省水稻品质的主要问题仍然是垩白率和垩白度,其次是胶稠度、长宽比、直链淀粉含量、糊化温度。特别需要指出的是,参试品种的食味值基本处于中、低等水平,没有出现80分以上的品种,因此,食味性状急需提高。



	3每穴穗数与每穗颖花数、每穗成粒数呈极显著的负相关；每穗颖花数与每穗成粒数呈极显著的正相关,与成粒率、千粒重呈极显著负的相关；每穗成粒数与成粒率、千粒重呈极显著负的相关。



	4糙米率与精米率呈极显著正相关,精米率与整精米率呈极显著正相关,整精米率与垩白率、垩白度呈显著负相关,这表明垩白率和垩白度高的品种,整精米率会显著降低。粒长与直链淀粉含量、胶稠度也呈极显著正相关,垩白率与垩白度呈极显著的正相关。垩白率与直链淀粉含量之间呈二次曲线关系,且随着垩白率的增大,直链淀粉含量呈三角形分布。直链淀粉含量和蛋白质含量之间呈二次曲线关系,直链淀粉含量低于17%或高于21%的水稻品种,蛋白质含量也较高。



	5成粒率与粒长呈显著的二次曲线关系,成粒率与直链淀粉含量也呈显著的二次曲线关系,表明直链淀粉含量高的品种,成粒率会显著降低。成穗率与千粒重呈显著的二次曲线关系,成穗率75%左右,千粒重较高。每穴分蘖数与产量呈显著的二次曲线关系,每穴分蘖数25个左右,产量较高。株高与精米率呈显著的二次项负值的曲线关系,与垩白度呈显著的二次项正值的曲线关系,表明存在适宜株高。产量与品质性状的相关系数都不显著,说明产量与品质性状的关系比较复杂,但并不矛盾,因此,可以在高产的前提下改进稻谷品质。",2015326723705466882_2010_辽宁水稻品种产量和品质性状的研究.pdf,3.16
2015326737232097281,水稻品种的耐低磷性及其农艺生理性状,2017,NULL,李银银,NULL,"[""水稻"",""产量"",""耐低磷性"",""评价指标"",""农艺生理性状"",""品质""]",zh,"磷是植物生长所必需的三大营养元素之一,也是一种非可再生资源。水稻是我国主要的粮食作物之一,需磷用磷量大。因此,培育和选用磷高效水稻品种,对于减少磷肥的施用、提高水稻产量和磷肥利用效率具有十分重要的意义。但是,目前有关筛选磷高效水稻品种的指标不明确,磷高效品种或耐低磷品种的农艺生理特征不清楚。针对这些问题,本研究以11个江苏省近70年来的代表性粳稻品种作为材料,进行水培种植,设置低磷(标准营养液中磷浓度的1/20)处理,以正常磷浓度(国际水稻研究所标准营养液配方)为对照,对水稻耐低磷性的评价指标、耐低磷品种的农艺生理特征以及低磷对稻米品质的影响等进行了系统研究。主要结果如下:1、低磷处理均可降低各品种的产量,产量的降低主要是由于穗数和每穗颖花数的减少,但低磷减产的幅度在品种间差异很大。分别用耐低磷系数(低磷产量/对照产量)、耐低磷指数(低磷产量X耐低磷系数/所有供试品种低磷处理的平均产量)、干物质指数(低磷干物重/对照干物重)、株高指数(低磷株高/对照株高)、胁迫敏感指数[(1-耐低磷系数)/(1-所有供试品种低磷处理的平均产量/所有供试品种对照的平均产量)]、综合耐低磷指数[相对株高X相对单株产量/相对出穗日数X 100(相对值=低磷处理性状/对照性状)]等作为评价水稻耐低磷性指标。发现耐低磷指数与耐低磷系数、干物质指数及低磷处理下的产量呈显著或极显著正相关,相关系数(r)分别为0.70*、0.80**和0.94**,干物质指数与低磷处理下产量呈极显著正相关(r=0.78**)。据此,将耐低磷指数和干物质指数作为评价水稻品种耐低磷性的指标。根据两个指标值的大小将供试品种分成3类:耐低磷指数和干物质指数均≥1的品种为强耐低磷品种;耐低磷指数和干物质指数均&gt;0.6、耐低磷指数或干物质指数&lt;1的为中耐低磷品种;耐低磷指数或干物质指数≤0.6的为弱耐低磷品种或低磷敏感型品种。按照上述指标,甬优2640、桂花球、盐粳2号为强耐低磷品种;黎明、连粳7号、镇稻88为弱耐低磷品种;金南风、桂花黄、泗稻8号、淮稻5号、徐稻2号为中耐低磷品种。2、与弱耐低磷品种相比,强耐低磷品种在低磷处理下具有根量大、根系活力强,分蘖早期分蘖数多,总叶面积指数(LAI)和高效LAI大、有效LAI比例高,库容量大,抽穗期茎鞘中糖积累量多,抽穗至成熟期物质生产能力强等特征。这些特征可作为耐低磷品种的重要农艺与生理性状。3、与正常磷浓度(对照)相比,低磷处理降低了多数品种的精米率、整精米率和直链淀粉含量,增加了稻米淀粉粘滞谱(RVA)中的崩解值,减小了消减值,显著降低了稻米垩白粒率、垩白面积和垩白度。说明低磷处理会降低稻米的加工品质,但可改善稻米的食味性和外观品质。低磷对稻米品质的影响,与品种的耐低磷性没有必然联系。4、与对照相比,低磷处理增加了磷产谷利用率(稻谷产量/磷积累量)和磷收获指数(籽粒中磷/成熟期植株中总吸收的磷),减少吸氮量,增加水稻根系对钾的吸收。在低磷下的磷产谷利用率,强耐低磷品种高于弱耐低磷品种。",2015326737232097281_2017_水稻品种的耐低磷性及其农艺生理性状.pdf,5.98
2015326807184699393,浙江省常规水稻品种主要农艺性状分析及恶苗病抗性评价,2011,NULL,石建尧,NULL,"[""水稻"",""常规品种"",""产量"",""恶苗病""]",zh,"本研究利用2000年～2010年这11年来通过浙江省审定的常规水稻品种进行研究,分析包括产量、产量相关性状、稻瘟病与白叶枯病抗性、生育期等在内的主要农艺性状,研究这些性状的发展变化规律,对2001年～2009年浙江省区试中产量表现差的代表性低产量品系进行分析,研究低产品系产量偏低的原因,对49个浙江省常规稻品种接种恶苗病菌,评价这些品种恶苗病抗性的总体情况。主要研究结果如下：


	1.浙江省近11年审定的常规稻品种产量性状变化特点：早籼稻品种区试产量及生产试验产量均有提高的趋势,产量的提高主要是由于每穗实粒数和千粒重的增加而引起的。单季晚粳稻品种的产量水平变化不大,但构成产量三要素的每穗实粒数、每公顷有效穗数和千粒重则有变化。每公顷有效穗数下降明显,每穗实粒数增加较明显,而千粒重轻微下降。双季晚粳稻品种的区试产量也有逐渐提高的趋势,提高的原因主要是由于每穗实粒数的不断增加引起的。上述结果说明近11年来早籼稻品种向大粒大穗而穗数减少、单季晚粳稻品种向多粒大穗而穗数减少、双季晚粳稻向多粒大穗发展的趋势。


	2.浙江省近年审定的常规稻品种稻瘟病与白叶枯病抗性：2004-2009年审定通过的早籼稻品种的稻瘟病以及白叶枯病抗性的总体水平没有发生太大的变化。2004-2010年审定的单季晚粳稻品种的叶瘟及稻瘟级数有略微下降的趋势,自叶枯病病级也有轻微下降的趋势。2004年以来审定通过的双季晚粳稻品种的稻瘟病抗性水平没有发生太大的变化,2004-2009年审定通过的双季晚粳稻的白叶枯病抗性水平也没有发生太大的变化。


	3.浙江省2001-2009年区试低产品系的低产原因：14个在2001-2009年的区试中产量表现极差的早籼稻品系产量比对照品种嘉育293偏低的主要原因是每穗实粒数比嘉育293显著偏低。14个在2001年～2009年区试中产量表现极差的单季晚粳稻品系比对照品种秀水63显著偏低的主要原因是每公顷有效穗数比秀水63显著降低。11个在2001年～2009年区试中产量表现极差的双季晚粳稻品系比对照品种秀水63显著偏低的主要原因是每公顷有效穗数比秀水63偏低。


	4.浙江省常规水稻品种恶苗病田间抗性鉴定：对49个品种接种恶苗病菌,在田间观察其发病情况,发现有7个品种不发病,14个品种发病率在0.68%至3.90%之间,14个品种发病率在4.12%至7.77%之间,9个品种发病率在8.33%至11.83%之间,发病率在12%以上的品种有5个。发病率最高的品种为金早47,其发病率达到64.52%。7个田间不发病的品种可不用防恶苗病的药剂处理而推广。


	5.浙江省常规水稻品种GA3处理后的徒长情况：对52个品种用50 mg.l-1的GA3溶液处理,发现有1个品种(秀水114)徒长不显著,有3个品种(浙粳88、嘉早309、浙糯65)徒长显著,48个品种徒长极显著。对50 mg.l-1的GA3溶液处理徒长不显著或只在5%水平徒长显著的4个品种,再提高赤霉素浓度,分别以100mg/L,200mg/L和1g/L的浓度处理,发现都表现为徒长。不能用GA3处理后秧苗的徒长程度来作为水稻品种田间恶苗病抗性程度的一个指标。",2015326807184699393_2011_浙江省常规水稻品种主要农艺性状分析及恶苗病抗性评价.pdf,3.9
2015328781267431426,水稻重金属积累的品种与环境效应及调控技术研究,2014,NULL,曹方彬,NULL,"[""水稻"",""重金属"",""品种"",""环境效应"",""复合污染"",""回归分析"",""缓解措施"",""蛋白质组学""]",zh,"土壤重金属污染是全球性的环境与农产品安全生产问题。重金属被吸收后积累在作物的可食用部位,通过食物链富集威胁人类健康。水稻作为全世界最重要的粮食作物之一,也是人类摄取重金属的主要来源。培育重金属低积累水稻品种、调控植株重金属吸收与转运、控制与降低籽粒重金属积累,是实现重金属中／轻度污染农田粮食安全生产的有效途径。而筛选低积累水稻种质、明确重金属积累与耐性的机理是培育低重金属积累品种的基础。本研究在分析评估浙江省不同水稻产区土壤重金属污染现状的基础上,筛选水稻籽粒低重金属积累品种(系),构建预测籽粒重金属含量的回归模型；探讨降低水稻籽粒重金属含量的安全生产综合配套技术及其调控机理。同时,探讨了镉耐性和低积累相关的特异蛋白。主要研究结果如下：

	1.水稻籽粒重金属含量的品种和环境效应

	分析评估了种植于浙江省不同水稻产区的144份水稻新品种(系)的籽粒重金属含量的环境与品种间差异。结果表明,籽粒重金属含量存在显著的环境与品种间差异。分别有5.3%和0.4%籽粒样品铅和镉含量超过FAO/WHO规定的最大阈值,而铬和铜没有出现超标情况。不同类型水稻品种间,杂交稻籽粒镉含量显著高于常规稻。逐步多元线性回归分析表明,土壤pH值及有效态重金属含量显著影响籽粒重金属含量,应用回归模型得出水稻安全生产土壤有效态镉、铬和铅的最大允许值分别为0.200、0.372和22.093mg kg-1。筛选到可在中、轻度污染地区种植的籽粒重金属低积累水稻品种(系)秀水817、嘉优08-1和春优689。

	2.镉、铬、铅和铜复合污染对籽粒及不同生育期茎叶中重金属含量的影响

	以筛选到的籽粒重金属低积累(秀水817)和高积累(浙大821)品种为材料,盆栽试验研究了铅、镉、铬和铜复合污染对水稻产量、籽粒重金属含量及不同生育期茎叶重金属含量的影响及品种间差异。结果表明,高浓度铅和镉处理显著降低两品种产量,其中秀水817减产更严重；铜处理对两品种产量没有显著影响。土壤铅、镉、铬和铜含量显著影响籽粒重金属含量,但只有籽粒镉含量与镉处理水平呈显著正相关,且浙大821显著高于秀水817。收获期叶和茎中重金属含量与籽粒重金属含量具有相似的趋势,但根中除镉外,铬和铜含量也随处理水平的提高而增加。回归分析结果显示,除灌浆期叶片和苗期茎中铬含量外,籽粒镉和铬分别与不同生育期叶和茎中镉和铬含量呈显著正相关,建立了籽粒镉和铬含量与不同生育期叶、茎镉和铬含量的回归模型,并预测了安全稻米生产不同生育期叶和茎中镉和铬含量的临界值。

	3.水稻根系蛋白表达谱对镉毒害响应的品种间差异及外源硅的影响

	采用TMT (Tandem Mass Tags,液质串联质谱标记)标记的定量比较蛋白组学技术,探讨了5μM Cd胁迫对浙大821和秀水817水稻品种根系蛋白表达谱的影响及品种间差异,同时研究了硅缓解镉毒害的机理。结果表明,浙大821耐镉性显著强于秀水817。虽然秀水817根系镉含量显著高于浙大821,但地上部含量无显著差异。鉴定到与浙大821耐镉相关的蛋白21个,分别参与防御、转运、代谢和信号转导等过程,构成有关镉耐性的综合网络。镉处理后,在两品种中均上调表达的蛋白35个。鉴定到与金属转运相关的蛋白25个,包括液泡ATPase和H+-焦磷酸化酶、参与细胞壁合成的β-扩张蛋白前体和UDP-葡萄糖6-脱氢酶及F1F0-ATPase抑制蛋白,秀水817中这些蛋白的上调表达或只在浙大821中下调表达可能有助于根系镉向液泡转移,从而降低向籽粒的转运。

	4.谷胱甘肽(GSH)、硒和锌不同组合处理对水稻镉、铬复合毒害的缓解效应

	研究了单独或复合施用GSH、硒(Se)和锌(Zn)对水稻镉和铬复合毒害(HM)的缓解作用。与对照相比,HM显著降低水稻幼苗株高、叶绿素含量(SPAD)和生物量,抑制叶片CAT和APX及叶和根的H+-ATPase活性,提高叶片SOD和POD活性,增加MDA积累量。不同缓解剂处理对HM胁迫缓解效果以HM+GSH+Zn和HM+GSH最佳,两者显著缓解了HM引起的生长抑制和氧化胁迫。与单独HM处理相比,HM+GSH+Zn和HM+GSH显著降低铬的吸收和转移,但对镉含量没有显著影响；提高H+-ATPase活性及铁、锌和锰的吸收与转移,减少MDA积累。另外,外源GSH和GSH+Zn对HM引起的氧化胁迫也具有显著缓解效果,表现为与HM处理相比,抑制根/叶SOD和叶POD活性,提高叶APX和叶／根CAT活性。

	5.不同氮肥类型、GSH、硅、硒和锌对水稻籽粒重金属含量的影响

	以筛选到的籽粒重金属低与高积累品种为材料,试验于2011-2012年在嘉兴重金属污染稻田进行,研究以(NH4)2SO4为氮肥同时叶面喷施GSH、硅、硒和锌(简称AR)对籽粒重金属积累的影响。结果进一步佐证了我们之前的结果,秀水817和嘉优08-1为籽粒低镉积累品种。AR显著降低镉、铬、铜和铅在高积累和低积累品种籽粒中的积累,同时对产量无显著影响。2011年试验结果显示,与对照相比,AR处理显著降低叶镉、铬和铜以及茎杆镉和铜含量；2012年的结果与上年相一致,除茎杆中铜含量显著增加外,颖壳、叶片和茎杆中镉、铬和铜含量在AR处理后均显著下降。

	6.不同氮肥类型、GSH、硅、硒和锌处理对水稻籽粒蛋白表达谱及稻米品质的影响

	采用双向电泳(2-D)和MADLI-TOF质谱技术,比较研究了对照和AR处理对R8097(高镉积累品种)和秀水817(低积累品种)籽粒蛋白表达谱及籽粒品质和氨基酸含量的影响及品种间差异。与对照相比,氨基酸、直链淀粉和蛋白质含量在AR处理后增加或无显著差异。分析比较蛋白表达谱的品种间差异,鉴定到与重金属低积累相关蛋白点30个,根据功能主要分为贮藏蛋白、能量代谢、防御、解毒、信号转导和转录等。其中7个蛋白点,其在R8097表达表现为：对照条件下表达量高于秀水817,但在AR处理后表达下调或完全抑制CAR vs对照)：另有2个蛋白点,对照条件下表达量低于秀水817,而AR处理后表达上调。另外21个蛋白点,AR处理后,两品种均上调(7个)或均下调(7个),及在秀水817中不变但在R8097中上调表达(7个)。",2015328781267431426_2014_水稻重金属积累的品种与环境效应及调控技术研究.pdf,17.3
2015331610975596545,水稻温选恢复系的生物学特征及配合力分析,2012,NULL,马国华,NULL,"[""稻"",""恢复系"",""生物学特征"",""产量相关性状"",""配合力分析""]",zh,"水稻是世界上最重要的粮食作物之一,也是我国主要的栽培作物。近年来由于杂交水稻品种选育所利用双亲遗传差异较小,通过利用杂种优势来提高水稻单产的目标越来越难有突破。要选育强优势杂交水稻组合,必须在亲本材料的选择上有突破。本论文对利用热研1号与温恢233籼粳交选育的温恢365和利用广亲和品种培矮64与水源297杂交选育的温恢845的生物学特征进行了鉴定,并通过NCII遗传交配设计对5个温选恢复系和7个不育系产量性状一般配合力效应及其变异状况进行了评价,主要结果如下。1、温恢365株高107cm,单株有效穗数10.3个,穗长26.3cm,每穗总粒数133.2粒,每穗实粒数124.0粒,结实率93.0%,千粒重为25.9g；米质4项指标(透明度、碱消值、胶稠度和直链淀粉含量)达部颁优质米一级标准,2项指标(垩白率和垩白度)达部颁优质米二级标准。与粳稻巴里拉和粳稻不育系宁67A杂交F1结实率分别为83.5%和88.9%。新露A/温恢365杂种F1植株对光照长度不敏感。温恢845播始历期83天,株高98cm；单株有效穗数14.2,穗长23cm,每穗总粒数98,实粒数87.6,结实率90%,千粒重26g。所配组合Ⅱ优845和宜优845高抗褐稻虱(台中65死亡率100%时,植株死亡率仅5.0%),且抗性保持时间长达38天。2、以7个核质互作雄性不育系为母本,温恢365、温恢845等5个恢复系为父本,按照NCII遗传交配设计配制35个F1组合,在固定模型下分析了亲本7个性状一般配合力效应和组合特殊配合力效应,发现温恢365是配制强优势F1组合较理想的恢复系,R117和温恢845是值得利用的亲本恢复系材料；新露A×R845是35个组合中单株产量最高的组合。在随机模型下分析了所用不育系和恢复系所配组合F1产量性状变异的遗传基础,发现单株有效穗数性状的遗传变异主要由基因的非加性效应起作用,单株产量、每穗总粒数、每穗实粒数、千粒重、穗长和株高这6个性状的遗传变异主要受基因加性效应影响。株高和千粒重的狭义遗传率较高(80%左右)；穗长、每穗总粒数和每穗实粒数的狭义遗传率中等(50%左右)；单株有效穗数和单株籽粒产量狭义遗传率低(8%左右)。",2015331610975596545_2012_水稻温选恢复系的生物学特征及配合力分析.pdf,6.75
2015333816168673282,东北粳稻耐高温材料筛选及其高温适应性研究,2012,NULL,于江辉,NULL,"[""粳稻"",""高温热害"",""抽穗开花期"",""分期播种"",""早稻"",""结实率"",""花粉育性"",""光合效率"",""生理生化""]",zh,"以34份东北粳稻和2份对照(耐热品种996、热敏感品种4628)为材料,在抽穗开花期十人工气候箱进行高温处理,并设自然常温对照,研究了高温对东北粳稻花粉育性、结实率等农艺性状的影响,以及高温胁迫下其生理生化特征的变化规律。并在湖南长沙设置分期播种试验,研究了分期播种对供试材料农艺性状的影响,分析了东北粳稻在田间抽穗开花期的高温适应性。获得如下结果：

	1.高温胁迫降低了所有品种的花粉育性和结实率,其中G19、北04-20、东稻1号、龙粳5号的花粉育性下降幅度较小,东农03-33、东农03-44、长白9号、龙粳21、东稻2号、绥粳4号、长白10号、平粳8号的花粉育性下降幅度较大。USSR5、长白9号、长粒香、东稻2号、东农03-33、东农415-2、东农9213、合江195、吉粳3、千重浪2号、沈禾57号的结实率下降幅度较小(&lt;30%),08M8、G19、敦内稻、东稻1号、吉粳2、平粳8号的结实率下降幅度较大(&gt;50%)。高温处理后的绝对结实率大于耐热品种996的有东农03-33、USSR5、吉粳3、东稻2号、东农415-1、合江195,其中单株产量合江195&gt;东农415-1&gt;东农03-33&gt; USSR5&gt;996。认为以绝对结实率作为水稻耐热性筛选指标较好。

	2.高温胁迫对耐热和热敏感粳稻光合效率影响较大。相关分析表明,耐热品种Gs(气孔导度)与Pn(净光合速率)以及Tr(蒸腾速率)与Pn之间相关性分别达到极显著水平(r=0.8767**、r=0.813”),热敏感品种Gs与Pn以及Tr与Pn之间相关性分别达到极显著和显著水平(r=0.8309**、r=0.6228’)。回归分析表明,耐热和热敏感品种Gs、Ci(细胞间CO2浓度)、Tr、Tleaf(剑叶温度)、WUE(水分利用效率)对Pn的决定系数分别为R2=0.9139和R2=0.9169。通径分析表明,耐热品种Gs对Pn的直接贡献值最大(P=0.9366),热敏感品种WUE对Pn的直接贡献值最大(P=0.7421)。

	3.相关性分析表明,高温胁迫下,可溶性糖与抗坏血酸、CAT(过氧化氢酶)的相关性分别达到极显著(P&lt;0.01)和显著水平(P&lt;0.05),MDA(丙二醛)和CAT、POD(过氧化物酶)和SOD(超氧化物歧化酶)之间分别达到显著和极显著正相关水平。主成分分析表明,可溶性糖、抗坏血酸、CAT、POD综合指标的贡献率分别为43.022%、22.712%、15.244%和11.800%,累计贡献率达到了92.777%。隶属函数U(Xj)分析表明,可溶性糖、抗坏血酸、CAT、POD综合指标的权重分别为0.464、0.233、0.154和0.118。根据综合评价值D,耐热品种生理特征的耐热性为东农415-1&gt;东农03-33&gt;USSR5&gt;合江195&gt;东稻2号&gt;吉粳3,热敏感品种生理特征的耐热性为东稻1号&gt;平粳8号&gt;08M8&gt;东农428&gt;吉粳2。

	4.耐热材料农艺性状受分期播种影响比较复杂。随着播种期推迟各品种播始历期逐渐变短,不同播种期间的单株穗数、每穗总粒数、单株产量变异幅度较大,而株高、主穗穗长、结实率、千粒重在不同播种期间的变异幅度较小。结实率与日最高温度和日平均温度均呈负相关,合江195结实率受温度影响最小,东稻2号、东农03-33、东农415-1的结实率与温度显著相关(P&lt;0.05),吉粳3为极显著相关(P&lt;0.01)。回归分析发现,在一定温度范围内,结实率与温度呈二次曲线关系,且日最高温度和日平均温度对结实率的影响具有一致性。抽穗扬花期遇到高温的各期材料,除东农03-33第8期结实率为58.7%、吉粳3第7期结实率为52.5%外,其它材料结实率均在64.9%-75.1%之间,表现出较强的耐热性。综合分期播种的田间农艺性状表现和各材料结实率与自然温度之间的关系,认为东稻2号、合江195适合作为早稻在湖南种植。

	5.田间统计分析表明,东稻2号播始历期、单株穗数、结实率与单株产量之间的相关性达到差异极显著水平(P&lt;0.01),每穗总粒数与单株产量之间达到差异显著水平(P&lt;0.05)；合江195主穗穗长、每穗总粒数、结实率与单株穗数之间均为显著负相关(P&lt;0.05),相关系数分别为r=-0.7147*、r=-0.6147*、r=-0.7701*。偏相关分析表明,东稻2号、合江195的日最高温度、日平均温度、单株穗数、每穗总粒数、结实率、千粒重与单株产量之间达到差异极显著水平。通径分析表明,单株穗数对东稻2号、合江195单株产量的直接贡献最大,分别为P=0.9522、P=1.3759。",2015333816168673282_2012_东北粳稻耐高温材料筛选及其高温适应性研究.pdf,9.76
2015338777682178050,不同水分利用效率水稻品种筛选及其光合特性初步探究,2019,NULL,段孟越,NULL,"[""水稻"",""水分利用效率"",""稳定碳13同位素"",""光合特性""]",zh,"水稻是世界三大粮食作物（小麦,玉米,水稻）之一,中国是种植水稻面积最大的国家,但同时它也是耗水量最大的作物,占农业总耗水量的70%,占人类总耗水量的40%左右,耗水巨大。2015年粳稻分别占水稻总播种面积和产量的32%（1.43亿亩）和35%（1424亿斤）,2016年黑龙江水稻面积已经超过6000万亩,总产超过500亿斤,但水资源已经成为限制黑龙江水稻可持续发展最重要的瓶颈之一。在工程节水、农艺节水基础上,如何提高水稻自身水分利用效率（WUE）,实现水稻自身生物节水,并在适宜生态环境下应用,对于维持黑龙江水稻可持续发展,保障黑龙江粮食生产“压舱石”地位意义重大。本研究在分析水稻材料遗传多样性基础上,在大田试验条件下,利用碳13同位素(δ<sup>13</sup>C)比率筛选出生育期相似、长期WUE不同水稻材料（滨旭、龙稻5、龙稻10）,研究不同WUE水稻材料在限制灌溉下（土壤水势-15<sup>-</sup>20 kPa）水分消耗、生长发育、物质分配、气孔适应、光合生理等响应差异。本文研究的主要结论如下:（1）利用50对具有多态性的SSR引物对102份水稻材料进行遗传结构分析,当K=3时,ΔK有最大值,即这102份材料的遗传结构可被分为3大类群,一、二、三类群分别有材料25份、35份、42份。（2）102份水稻材料δ<sup>13</sup>C比率的变异范围为-28.238<sup>-</sup>26.322‰,变异幅度为1.916‰,平均值为-27.526‰,δ<sup>13</sup>C比率最高的品种为沈农265,最低的材料为吉96-104。碳13分辨率(△<sup>13</sup>C)与株高、分蘖、收获指数显著正相关,相关系数分别为0.228、0.207、0.343;与草重显著负相关,相关系数为0.321;与穗重相关不明显。（3）限制灌溉条件下,龙稻10耗水大大减少,龙稻10叶片气孔长度变短,叶片蒸腾速率下降幅度最大,蒸腾耗水量减少幅度最大,蒸腾耗水量显著小于WUE较低的品种滨旭,但其叶片净光合速率下降幅度最小。（4）限制灌溉下,灌浆期龙稻10叶片和鞘的干物质积累量最大,为其籽粒灌浆提供了较为充足的源,形成了源足的生理基础,这是龙稻10在限制灌溉条件下适应水分不足状况的重要生产策略之一。（5）限制灌溉下,对于水稻产量构成三要素而言,龙稻10有效穗数与龙稻5、滨旭无显著差异,但穗实粒数最多,显著多于滨旭,一、二次枝梗千粒重下降幅度最小,其中一次枝梗千粒重显著高于龙稻5,二次枝梗千粒重显著高于龙稻5、滨旭。",2015338777682178050_2019_不同水分利用效率水稻品种筛选及其光合特性初步探究.pdf,3.59
